Id,Name,Shape Library,Page ID,Contained By,Group,Status,Text Area 1,Comments,Notes,Shape ID,SpreadsheetColumnParentKey,SpreadsheetRowParentKey
1,Document,,,,,Draft,updated_css_structure,,,45160c38-e642-4f1d-91cb-c16c1548bd75,,
2,Page,,,,,,overview,,,0_0,,
3,Rectangle container,UML,2,,,,Container,,,LUyAIekhCrNl,,
4,Process,Flowchart Shapes/Containers,2,,,,,,,1DyA-_LfsesI,,
5,Process,Flowchart Shapes/Containers,2,,,,,,,uKyAHD2qH_kl,,
6,Process,Flowchart Shapes/Containers,2,,,,,,,xGyAAFFqfSao,,
7,Process,Flowchart Shapes/Containers,2,,,,,,,wuzAgAdO28sA,,
8,Process,Flowchart Shapes/Containers,2,,,,dashboard-brand-button,,,~LyAwY_R7.dK,,
9,Process,Flowchart Shapes/Containers,2,,,,,,,.yzAdMAeG0X6,,
10,Process,Flowchart Shapes/Containers,2,,,,dashboard-git-button,,,9HyAFzpxPuFp,,
11,Process,Flowchart Shapes/Containers,2,,,,,,,LGyAyPS3gjxA,,
12,Process,Flowchart Shapes/Containers,2,,,,,,,ezzAs6VC92Bg,,
13,Process,Flowchart Shapes/Containers,2,,,,dashboard-version- button,,,fIyA_z.mVCas,,
14,Text,Standard,2,,,,dashboard-container,,,2JyAhvqeHv3X,,
15,Text,Standard,2,,,,dashboard-info-container,,,YNyASmD4CR5P,,
16,Text,Standard,2,,,,Overview,,,YQyAZAZ95~zR,,
17,Process,Flowchart Shapes/Containers,2,,,,,,,bzzAPSAScOsR,,
18,Process,Flowchart Shapes/Containers,2,,,,dashboard-settings-button,,,ySyAlIAU.vzD,COLUMN,ROW
19,Process,Flowchart Shapes/Containers,2,,,,level-1-styling,,,uZyAJGp5RUMp,,
20,Process,Flowchart Shapes/Containers,2,,,,outer-layout,,,U0yAaqQq6Qb~,,
21,Process,Flowchart Shapes/Containers,2,,,,level-2-styling,,,.0yA8hbBDzJW,,
22,Process,Flowchart Shapes/Containers,2,,,,dashboard-theme-button,,,ySyAxtx-5ghB,COLUMN,ROW
23,Process,Flowchart Shapes/Containers,2,,,,dashboard- activity-button,,,eTyAYFZ_g8eT,COLUMN,ROW
24,Process,Flowchart Shapes/Containers,2,,,,,,,LazA~_zz0eYa,,
25,Process,Flowchart Shapes/Containers,2,,,,level-3-styling,,,wezA5sX0Re7W,,
26,Process,Flowchart Shapes/Containers,2,,,,dashboard-page-button,,,ybzAnYS7e3Zp,COLUMN,ROW
27,Process,Flowchart Shapes/Containers,2,,,,dashboard-page-button,,,LbzA8ORdGk.p,COLUMN,ROW
28,Text,Standard,2,,,,dashboard-controls-container,,,rczAIbJ~ZF-P,,
29,Text,Standard,2,,,,dashboard-page-container,,,uczADx~-.DZA,,
30,Process,Flowchart Shapes/Containers,2,,,,row- layout,,,ozzATuS6ZOgK,,
31,Process,Flowchart Shapes/Containers,2,,,,,,,LBzAq_Z5uiCX,,
32,Process,Flowchart Shapes/Containers,2,,,,,,,RBzAxgk5yB.J,,
33,Process,Flowchart Shapes/Containers,2,3,,,,,,QCzAaBrFsHU7,,
34,Process,Flowchart Shapes/Containers,2,,,,banner-poster-container,,,MFzAew~L7l2L,,
35,Text,Standard,2,,,,main-banner-container,,,CHzAt7EBoC~o,,
36,Process,Flowchart Shapes/Containers,2,,,,banner-container,,,gIzA5EToxZ3M,,
37,Process,Flowchart Shapes/Containers,2,,,,,,,IIzAmnTLkA5K,,
38,Process,Flowchart Shapes/Containers,2,,,,,,,uMzA4FpUAS55,,
39,Process,Flowchart Shapes/Containers,2,,,,...title,,,RNzAMqq9qN~0,,
40,Process,Flowchart Shapes/Containers,2,,,,...data,,,RNzAZ6ZBpLy7,,
41,Text,Standard,2,,,,...card,,,tOzAnqPvJm3A,,
42,Process,Flowchart Shapes/Containers,2,,,,,,,_OzAPh2O7zLj,,
43,Process,Flowchart Shapes/Containers,2,,,,...title,,,_OzA4IhA2sNv,,
44,Process,Flowchart Shapes/Containers,2,,,,...data,,,_OzAL8ZRbBHY,,
45,Text,Standard,2,,,,...card,,,_OzAo2rxuOE6,,
46,Text,Standard,2,,,,statsbar,,,vPzAeZ8jHT0x,,
47,Process,Flowchart Shapes/Containers,2,3,,,,,,​-PzAPFwQYA.a,,
48,Text,Standard,2,,,,banner-content-container,,,zQzAl4vSZmNQ,,
49,Text,Standard,2,,,,banner-info-container,,,lRzAzTzv1vcD,,
50,Text,Standard,2,3,,,banner-controls-container,,,TRzA2gPy.7xn,,
51,Process,Flowchart Shapes/Containers,2,,,,,,,iSzAK6KnfT6Y,,
52,Process,Flowchart Shapes/Containers,2,,,,banner-title,,,pSzAZ6Ct_.DC,,
53,Process,Flowchart Shapes/Containers,2,3,,,,,,HSzA0EaW488e,,
54,Process,Flowchart Shapes/Containers,2,3,,,banner- previous- button,,,0SzA_ejgg7MH,,
55,Process,Flowchart Shapes/Containers,2,3,,,banner- count,,,rTzAtWFArkLe,,
56,Process,Flowchart Shapes/Containers,2,3,,,banner- next- button,,,uTzAXu2OoilC,,
57,Process,Flowchart Shapes/Containers,2,,,,banner- media- button,,,ITzAHvOUG60t,,
58,Process,Flowchart Shapes/Containers,2,,,,dashboard-activity-button,,,6iAAHhKYVGmg,COLUMN,ROW
59,Process,Flowchart Shapes/Containers,2,,,,dashboard- storage-button,,,_aAArQzrdUW-,COLUMN,ROW
60,Text,Standard,2,,,,banner-label-container,,,FlAA~KiLPp.v,,
61,Text,Standard,2,,,,banner-title-container,,,KlAAfeKD6H5A,,
62,Text,Standard,2,3,,,banner-meta-container,,,~lAALUiA4MK3,,
63,Process,Flowchart Shapes/Containers,2,,,,banner-category,,,uoAA2PlI_-ag,,
64,Process,Flowchart Shapes/Containers,2,,,,banner-release,,,EoAAkxN3RBRh,,
65,Process,Flowchart Shapes/Containers,2,,,,banner-director- button,,,HoAAbN23Q~DW,,
66,Process,Flowchart Shapes/Containers,2,,,,text-chip-styling,,,EpAAdTO2CBsV,,
67,Process,Flowchart Shapes/Containers,2,,,,category-chip-styling,,,TtAAE9zPEMXv,,
68,Page,,,,,,workspace,,,4ezAETzZ.-NM,,